VERAS_Proposal_Number,Proposal_Number,Award_Number,Project_Title,Principal_Investigator,A._Senior_Personnel_Amount,B._Post_Doctoral_Amount,B._Other_Professionals_Amount,B._Graduate_Students_Amount,B._Undergraduate_Students_Amount,B._Secretarial_Clerical_Amount,B._Other_Amount,C._Fringe_Benefits,D._Equipment,E._Domestic_Travel,E._International_Travel,F._PSC_Stipends,F._PSC_Travel,F._PSC_Subsistence,F._PSC_Other,F._PSC_Total,G._Material_Supplies,G._Publication_Costs,G._Consultant_Services,G._Computer_Services,G._Subaward,G._Other,I._Indirect_Costs,K._Fees,L._Total_Amount,temp,iter
V200449,2039525,2039525,Collaborative Research: Biomass burning smoke as a driver of multi-scale microbial teleconnections,Leda N Kobziar,28143,95800,15334,40000,0,0,0,49846,0,11326,0,0,0,0,0,0,37613,2000,0,0,0,26753,136355,0,443170,0.2,1
V220126,,2227079,Collaborative Research: Measuring G with a Magneto-Gravitational Trap,Zachariah B Etienne,0,46815,0,0,0,0,0,19102,0,9273,0,0,0,0,0,0,0,0,0,0,,,37549,0,112739,0.2,2
V201060,2100926,2100926,Collaborative Research: Changes in hyporheic exchange and nitrous oxide generation due to streambed alteration by macro-roughness elements,William J Reeder,184360,0,11344,0,21438,0,0,80348,15000,10598,5000,0,0,0,0,0,41650,1000,0,0,0,0,186976,0,539714,0.2,3
V211215,2214502,2214502,Planning: Idaho EPSCoR RII Track-1 Planning Grant,Andrew D Kliskey,22222,0,4902,7059,0,0,0,9534,0,5000,0,0,0,0,0,0,500,0,18100,0,0,0,32649,0,99966,0.2,4
V220383,2229223,2229223,Collaborative Research: Climatic Control of Erosion Rates and Landscape Morphology - Quantifying the Influence of Fluvial Thresholds,Elowyn Yager,23509,0,0,54540,4800,0,0,9457,0,24790,0,0,0,0,0,0,1800,1500,0,0,0,26734,61162,0,208292,0.2,5
V200449,2039525,2039525,Collaborative Research: Biomass burning smoke as a driver of multi-scale microbial teleconnections,Leda N Kobziar,28143,95800,15334,40000,0,0,0,49846,0,11326,0,0,0,0,0,0,37613,2000,0,0,0,26753,136355,0,443170,0.2,1
V220126,,2227079,Collaborative Research: Measuring G with a Magneto-Gravitational Trap,Zachariah B Etienne,0,46815,0,0,0,0,0,19102,0,9273,0,0,0,0,0,0,0,0,0,0,,,37549,0,112739,0.2,2
V201060,2100926,2100926,Collaborative Research: Changes in hyporheic exchange and nitrous oxide generation due to streambed alteration by macro-roughness elements,William J Reeder,184360,0,11344,0,21438,0,0,80348,15000,10598,5000,0,0,0,0,0,41650,1000,0,0,0,0,186976,0,539714,0.2,3
V211215,2214502,2214502,Planning: Idaho EPSCoR RII Track-1 Planning Grant,Andrew D Kliskey,22222,0,4902,7059,0,0,0,9534,0,5000,0,0,0,0,0,0,500,0,18100,0,0,0,32649,0,99966,0.2,4
V220383,2229223,2229223,Collaborative Research: Climatic Control of Erosion Rates and Landscape Morphology - Quantifying the Influence of Fluvial Thresholds,Elowyn Yager,23509,0,0,54540,4800,0,26734,9457,0,24790,0,0,0,0,0,0,1800,1500,0,0,0,30034,61162,0,208292,0.2,5
V200449,2039525,2039525,Collaborative Research: Biomass burning smoke as a driver of multi-scale microbial teleconnections,Leda N Kobziar,28143,95800,15334,40000,0,0,0,49846,0,11326,0,0,0,0,0,0,37613,2000,0,0,0,26753,136355,0,443170,0.2,1
V220126,,2227079,Collaborative Research: Measuring G with a Magneto-Gravitational Trap,Zachariah B Etienne,0,46815,0,0,0,0,0,19102,0,9273,0,0,0,0,0,0,0,0,0,0,,,37549,0,112739,0.2,2
V201060,2100926,2100926,Collaborative Research: Changes in hyporheic exchange and nitrous oxide generation due to streambed alteration by macro-roughness elements,William J Reeder,184360,0,11344,0,21438,0,0,80348,15000,10598,5000,0,0,0,0,0,41650,1000,0,0,0,0,186976,0,539714,0.2,3
V211215,2214502,2214502,Planning: Idaho EPSCoR RII Track-1 Planning Grant,Andrew D Kliskey,22222,0,4902,7059,0,0,0,9534,0,5000,0,0,0,0,0,0,500,0,18100,0,0,0,32649,0,99966,0.2,4
V220383,2229223,2229223,Collaborative Research: Climatic Control of Erosion Rates and Landscape Morphology - Quantifying the Influence of Fluvial Thresholds,Elowyn Yager,23509,0,0,54540,4800,0,0,9457,0,24790,0,0,0,0,0,0,1800,1500,0,0,0,26734,61162,0,208292,0.2,5
V200449,2039525,2039525,Collaborative Research: Biomass burning smoke as a driver of multi-scale microbial teleconnections,Leda N Kobziar,28143,95800,15334,40000,0,0,0,49846,0,11326,0,0,0,0,0,0,37613,2000,0,0,0,26753,136355,0,443170,0.2,1
V220126,2022709,2227079,Collaborative Research: Measuring G with a Magneto-Gravitational Trap,Zachariah B Etienne,0,46815,0,0,0,0,0,19102,0,9273,0,0,0,0,0,0,0,0,0,0,,,37549,0,112739,0.2,2
V201060,2100926,2100926,Collaborative Research: Changes in hyporheic exchange and nitrous oxide generation due to streambed alteration by macro-roughness elements,William J Reeder,184360,0,11344,0,21438,0,0,80348,15000,10598,5000,0,0,0,0,0,41650,1000,0,0,0,0,186976,0,539714,0.2,3
V211215,2214502,2214502,Planning: Idaho EPSCoR RII Track-1 Planning Grant,Andrew D Kliskey,22222,0,4902,7059,0,0,0,9534,0,5000,0,0,0,0,0,0,500,0,18100,0,0,0,32649,0,99966,0.2,4
V220383,2229223,2229223,Collaborative Research: Climatic Control of Erosion Rates and Landscape Morphology - Quantifying the Influence of Fluvial Thresholds,Elowyn Yager,23509,0,0,54540,4800,0,26734,9457,0,24790,0,0,0,0,0,0,1800,1500,0,0,0,30034,61162,0,208292,0.2,5
V200449,2039525,2039525,Collaborative Research: Biomass burning smoke as a driver of multi-scale microbial teleconnections,Leda N Kobziar,28143,95800,15334,40000,0,0,0,49846,0,11326,0,0,0,0,0,0,37613,2000,0,0,0,26753,136355,0,443170,0.2,1
V220126,2022709,2227079,Collaborative Research: Measuring G with a Magneto-Gravitational Trap,Zachariah B Etienne,0,46815,0,0,0,0,0,19102,0,9273,0,0,0,0,0,0,0,0,0,0,,,37549,0,112739,0.2,2
V201060,2100926,2100926,Collaborative Research: Changes in hyporheic exchange and nitrous oxide generation due to streambed alteration by macro-roughness elements,William J Reeder,184360,0,11344,0,21438,0,0,80348,15000,10598,5000,0,0,0,0,0,41650,1000,0,0,0,0,186976,0,539714,0.2,3
V211215,2214502,2214502,Planning: Idaho EPSCoR RII Track-1 Planning Grant,Andrew D Kliskey,22222,0,4902,7059,0,0,0,9534,0,5000,0,0,0,0,0,0,500,0,18100,0,0,0,32649,0,99966,0.2,4
V220383,2229223,2229223,Collaborative Research: Climatic Control of Erosion Rates and Landscape Morphology - Quantifying the Influence of Fluvial Thresholds,Elowyn Yager,23509,0,0,54540,4800,0,0,9457,0,24790,0,0,0,0,0,0,1800,1500,0,0,0,26734,61162,0,208292,0.2,5
V200449,2039525,2039525,Collaborative Research: Biomass burning smoke as a driver of multi-scale microbial teleconnections,Leda N Kobziar,28143,95800,15334,40000,0,0,0,49846,0,11326,0,0,0,0,0,0,37613,2000,0,0,0,26753,136355,0,443170,0.2,1
V220126,,2227079,Collaborative Research: Measuring G with a Magneto-Gravitational Trap,Zachariah B Etienne,0,46815,0,0,0,0,0,19102,0,9273,0,0,0,0,0,0,0,0,0,0,,,37549,0,112739,0.2,2
V201060,2100926,2100926,Collaborative Research: Changes in hyporheic exchange and nitrous oxide generation due to streambed alteration by macro-roughness elements,William J Reeder,184360,0,11344,0,21438,0,0,80348,15000,10598,5000,0,0,0,0,0,41650,1000,0,0,0,0,186976,0,539714,0.2,3
V211215,2214502,2214502,Planning: Idaho EPSCoR RII Track-1 Planning Grant,Andrew D Kliskey,22222,0,4902,7059,0,0,0,9534,0,5000,0,0,0,0,0,0,500,0,18100,0,0,500,32649,0,99966,0.2,4
V220383,2229223,2229223,Collaborative Research: Climatic Control of Erosion Rates and Landscape Morphology - Quantifying the Influence of Fluvial Thresholds,Elowyn Yager,23509,0,0,54540,4800,0,0,9457,0,24790,0,0,0,0,0,0,1800,1500,0,0,0,26734,61162,0,208292,0.2,5
V200449,2039525,2039525,Collaborative Research: Biomass burning smoke as a driver of multi-scale microbial teleconnections,Leda N Kobziar,28143,95800,15334,40000,0,0,0,49846,0,11326,0,0,0,0,0,0,37613,2000,0,0,0,26753,136355,0,443170,0.2,1
V220126,,2227079,Collaborative Research: Measuring G with a Magneto-Gravitational Trap,Zachariah B Etienne,0,46815,0,0,0,0,0,19102,0,9273,0,0,0,0,0,0,0,0,0,0,,,37549,0,112739,0.2,2
V201060,2100926,2100926,Collaborative Research: Changes in hyporheic exchange and nitrous oxide generation due to streambed alteration by macro-roughness elements,William J Reeder,184360,0,11344,0,21438,0,0,80348,15000,10598,5000,0,0,0,0,0,41650,1000,0,0,0,0,186976,0,539714,0.2,3
V211215,2214502,2214502,Planning: Idaho EPSCoR RII Track-1 Planning Grant,Andrew D Kliskey,22222,0,4902,7059,0,0,0,9534,0,5000,0,0,0,0,0,0,500,0,18100,0,0,0,32649,0,99966,0.2,4
V220383,2229223,2229223,Collaborative Research: Climatic Control of Erosion Rates and Landscape Morphology - Quantifying the Influence of Fluvial Thresholds,Elowyn Yager,23509,0,0,54540,4800,0,0,9457,0,24790,0,0,0,0,0,0,1800,1500,0,0,0,26734,61162,0,208292,0.2,5
V200449,2039525,2039525,Collaborative Research: Biomass burning smoke as a driver of multi-scale microbial teleconnections,Leda N Kobziar,28143,95800,15334,40000,0,0,0,49846,0,11326,0,0,0,0,0,0,37613,2000,0,0,0,0,136355,0,443170,0.2,1
V220126,2227079,2227079,Collaborative Research: Measuring G with a Magneto-Gravitational Trap,Zachariah B Etienne,0,46815,0,0,0,0,0,19102,0,9273,0,0,0,0,0,0,0,0,0,0,,,37549,0,112739,0.2,2
V201060,2100926,2100926,Collaborative Research: Changes in hyporheic exchange and nitrous oxide generation due to streambed alteration by macro-roughness elements,William J Reeder,184360,0,11344,0,21438,0,0,80348,15000,10598,5000,0,0,0,0,0,41650,1000,0,0,0,0,186976,0,539714,0.2,3
V211215,2214502,2214502,Planning: Idaho EPSCoR RII Track-1 Planning Grant,Andrew D Kliskey,22222,0,4902,7059,0,0,0,9534,0,5000,0,0,0,0,0,0,500,0,18100,0,0,0,32649,0,99966,0.2,4
V220383,2229223,2229223,Collaborative Research: Climatic Control of Erosion Rates and Landscape Morphology - Quantifying the Influence of Fluvial Thresholds,Elowyn Yager,23509,0,0,54540,4800,0,0,9457,0,24790,0,0,0,0,0,0,1800,1500,0,0,0,26734,61162,0,208292,0.2,5
V200449,2039525,2039525,Collaborative Research: Biomass burning smoke as a driver of multi-scale microbial teleconnections,Leda N Kobziar,28143,95800,15334,40000,0,0,0,49846,0,11326,0,0,0,0,0,0,37613,2000,0,0,0,26753,136355,0,443170,0.2,1
V220126,,2227079,Collaborative Research: Measuring G with a Magneto-Gravitational Trap,Zachariah B Etienne,0,46815,0,0,0,0,0,19102,0,9273,0,0,0,0,0,0,0,0,0,0,,,37549,0,112739,0.2,2
V201060,2100926,2100926,Collaborative Research: Changes in hyporheic exchange and nitrous oxide generation due to streambed alteration by macro-roughness elements,William J Reeder,184360,0,11344,0,21438,0,0,80348,15000,10598,5000,0,0,0,0,0,41650,1000,0,0,0,0,186976,0,539714,0.2,3
V211215,2214502,2214502,Planning: Idaho EPSCoR RII Track-1 Planning Grant,Andrew D Kliskey,22222,0,4902,7059,0,0,0,9534,0,5000,0,0,0,0,0,0,500,0,18100,0,0,0,32649,0,99966,0.2,4
V220383,2229223,2229223,Collaborative Research: Climatic Control of Erosion Rates and Landscape Morphology - Quantifying the Influence of Fluvial Thresholds,Elowyn Yager,23509,0,0,54540,4800,0,0,9457,0,24790,0,0,0,0,0,0,1800,1500,0,0,0,26734,61162,0,208292,0.2,5
V200449,2039525,2039525,Collaborative Research: Biomass burning smoke as a driver of multi-scale microbial teleconnections,Leda N Kobziar,28143,95800,15334,40000,0,0,0,49846,0,11326,0,0,0,0,0,0,37613,2000,0,0,0,26753,136355,0,443170,0.2,1
V220126,,2227079,Collaborative Research: Measuring G with a Magneto-Gravitational Trap,Zachariah B Etienne,0,46815,0,0,0,0,0,19102,0,9273,0,0,0,0,0,0,0,0,0,0,,,37549,0,112739,0.2,2
V201060,2100926,2100926,Collaborative Research: Changes in hyporheic exchange and nitrous oxide generation due to streambed alteration by macro-roughness elements,William J Reeder,184360,0,11344,0,21438,0,0,80348,15000,10598,5000,0,0,0,0,0,41650,1000,0,0,0,0,186976,0,539714,0.2,3
V211215,2214502,2214502,Planning: Idaho EPSCoR RII Track-1 Planning Grant,Andrew D Kliskey,22222,0,4902,7059,0,0,0,9534,0,5000,0,0,0,0,0,0,500,0,18100,0,0,0,32649,0,99966,0.2,4
V220383,2229223,2229223,Collaborative Research: Climatic Control of Erosion Rates and Landscape Morphology - Quantifying the Influence of Fluvial Thresholds,Elowyn Yager,23509,0,0,54540,4800,0,0,9457,0,24790,0,0,0,0,0,0,1800,1500,0,0,0,30034,61162,0,208292,0.2,5
V200449,2039525,2039525,Collaborative Research: Biomass burning smoke as a driver of multi-scale microbial teleconnections,Leda N Kobziar,28143,95800,15334,40000,0,0,0,49846,0,11326,0,0,0,0,0,0,37613,2000,0,0,0,0,136355,0,443170,0.35,1
V220126,,2227079,Collaborative Research: Measuring G with a Magneto-Gravitational Trap,Zachariah B Etienne,0,46815,0,0,0,0,0,19102,0,9273,0,0,0,0,0,0,0,0,0,0,,,37549,0,112739,0.35,2
V201060,2100926,2100926,Collaborative Research: Changes in hyporheic exchange and nitrous oxide generation due to streambed alteration by macro-roughness elements,William J Reeder,184360,0,11344,0,21438,0,0,80348,15000,10598,5000,0,0,0,0,0,41650,1000,0,0,0,0,186976,0,539714,0.35,3
V211215,2214502,2214502,Planning: Idaho EPSCoR RII Track-1 Planning Grant,Andrew D Kliskey,22222,0,4902,7059,0,0,0,9534,0,5000,0,0,0,0,0,0,500,0,18100,0,0,0,32649,0,99966,0.35,4
V220383,2229223,2229223,Collaborative Research: Climatic Control of Erosion Rates and Landscape Morphology - Quantifying the Influence of Fluvial Thresholds,Elowyn Yager,23509,0,0,54540,4800,0,0,9457,0,24790,0,0,0,0,0,0,1800,1500,0,0,0,26734,61162,0,208292,0.35,5
V200449,2039525,2039525,Collaborative Research: Biomass burning smoke as a driver of multi-scale microbial teleconnections,Leda N Kobziar,28143,95800,15334,40000,0,0,0,49846,0,11326,0,0,0,0,0,0,37613,2000,0,0,0,26753,136355,0,443170,0.35,1
V220126,,2227079,Collaborative Research: Measuring G with a Magneto-Gravitational Trap,Zachariah B Etienne,0,46815,0,0,0,0,0,19102,0,9273,0,0,0,0,0,0,0,0,0,0,,,37549,0,112739,0.35,2
V201060,2100926,2100926,Collaborative Research: Changes in hyporheic exchange and nitrous oxide generation due to streambed alteration by macro-roughness elements,William J Reeder,184360,0,11344,0,21438,0,0,80348,15000,10598,5000,0,0,0,0,0,41650,1000,0,0,0,0,186976,0,539714,0.35,3
V211215,2214502,2214502,Planning: Idaho EPSCoR RII Track-1 Planning Grant,Andrew D Kliskey,22222,0,4902,7059,0,0,0,9534,0,5000,0,0,0,0,0,0,500,0,18100,0,0,500,32649,0,99966,0.35,4
V220383,2229223,2229223,Collaborative Research: Climatic Control of Erosion Rates and Landscape Morphology - Quantifying the Influence of Fluvial Thresholds,Elowyn Yager,23509,0,0,54540,4800,0,0,9457,0,24790,0,0,0,0,0,0,1800,1500,0,0,0,30034,61162,0,208292,0.35,5
V200449,2039525,2039525,Collaborative Research: Biomass burning smoke as a driver of multi-scale microbial teleconnections,Leda N Kobziar,28143,95800,15334,40000,0,0,0,49846,0,11326,0,0,0,0,0,0,37613,2000,0,0,0,0,136355,0,443170,0.35,1
V220126,,2227079,Collaborative Research: Measuring G with a Magneto-Gravitational Trap,Zachariah B Etienne,0,46815,0,0,0,0,0,19102,0,9273,0,0,0,0,0,0,0,0,0,0,,,37549,0,112739,0.35,2
V201060,2100926,2100926,Collaborative Research: Changes in hyporheic exchange and nitrous oxide generation due to streambed alteration by macro-roughness elements,William J Reeder,184360,0,11344,0,21438,0,0,80348,15000,10598,5000,0,0,0,0,0,41650,1000,0,0,0,0,186976,0,539714,0.35,3
V211215,2214502,2214502,Planning: Idaho EPSCoR RII Track-1 Planning Grant,Andrew D Kliskey,22222,0,4902,7059,0,0,0,9534,0,5000,0,0,0,0,0,0,500,0,18100,0,0,0,32649,0,99966,0.35,4
V220383,2229223,2229223,Collaborative Research: Climatic Control of Erosion Rates and Landscape Morphology - Quantifying the Influence of Fluvial Thresholds,Elowyn Yager,23509,0,0,54540,4800,0,0,9457,0,24790,0,0,0,0,0,0,1800,1500,0,0,0,26734,61162,0,208292,0.35,5
V200449,2039525,2039525,Collaborative Research: Biomass burning smoke as a driver of multi-scale microbial teleconnections,Leda N Kobziar,28143,95800,15334,40000,0,0,0,49846,0,11326,0,0,0,0,0,0,37613,2000,0,0,0,26753,136355,0,443170,0.35,1
V220126,,2227079,Collaborative Research: Measuring G with a Magneto-Gravitational Trap,Zachariah B Etienne' 'Pamela V. Conyers,0,46815,0,0,0,0,0,19102,0,9273,0,0,0,0,0,0,0,0,0,0,,,37549,0,112739,0.35,2
V201060,2100926,2100926,Collaborative Research: Changes in hyporheic exchange and nitrous oxide generation due to streambed alteration by macro-roughness elements,William J Reeder,184360,0,11344,0,21438,0,0,80348,15000,10598,5000,0,0,0,0,0,41650,1000,0,0,0,0,186976,0,539714,0.35,3
V211215,2214502,2214502,Planning: Idaho EPSCoR RII Track-1 Planning Grant,Andrew D Kliskey,22222,0,4902,7059,0,0,0,9534,0,5000,0,0,0,0,0,0,500,0,18100,0,0,0,32649,0,99966,0.35,4
V220383,2229223,2229223,Collaborative Research: Climatic Control of Erosion Rates and Landscape Morphology - Quantifying the Influence of Fluvial Thresholds,Elowyn Yager,23509,0,0,54540,4800,0,0,9457,0,24790,0,0,0,0,0,0,1800,1500,0,0,0,26734,61162,0,208292,0.35,5
V200449,2039525,2039525,Collaborative Research: Biomass burning smoke as a driver of multi-scale microbial teleconnections,Leda N Kobziar,28143,95800,15334,40000,0,0,0,49846,0,11326,0,0,0,0,0,0,37613,2000,0,0,0,26753,136355,0,443170,0.35,1
V220126,,2227079,Collaborative Research: Measuring G with a Magneto-Gravitational Trap,Zachariah B Etienne,0,46815,0,0,0,0,0,19102,0,9273,0,0,0,0,0,0,0,0,0,0,,,37549,0,112739,0.35,2
V201060,2100926,2100926,Collaborative Research: Changes in hyporheic exchange and nitrous oxide generation due to streambed alteration by macro-roughness elements,William J Reeder,184360,0,11344,0,21438,0,0,80348,15000,10598,5000,0,0,0,0,0,41650,1000,0,0,0,0,186976,0,539714,0.35,3
V211215,2214502,2214502,Planning: Idaho EPSCoR RII Track-1 Planning Grant,Andrew D Kliskey,22222,0,4902,7059,0,0,0,9534,0,5000,0,0,0,0,0,0,500,0,18100,0,0,0,32649,0,99966,0.35,4
V220383,2229223,2229223,Collaborative Research: Climatic Control of Erosion Rates and Landscape Morphology - Quantifying the Influence of Fluvial Thresholds,Elowyn Yager,23509,0,0,54540,4800,0,0,9457,0,24790,0,0,0,0,0,0,1800,1500,0,0,0,30034,61162,0,208292,0.35,5
V200449,2039525,2039525,Collaborative Research: Biomass burning smoke as a driver of multi-scale microbial teleconnections,Leda N Kobziar,28143,95800,15334,40000,0,0,0,49846,0,11326,0,0,0,0,0,0,37613,2000,0,0,0,26753,136355,0,443170,0.35,1
V220126,2022709,2227079,Collaborative Research: Measuring G with a Magneto-Gravitational Trap,Zachariah B Etienne' 'Pamela V. Conyers,0,46815,0,0,0,0,0,19102,0,9273,0,0,0,0,0,0,0,0,0,0,,,37549,0,112739,0.35,2
V201060,2100926,2100926,Collaborative Research: Changes in hyporheic exchange and nitrous oxide generation due to streambed alteration by macro-roughness elements,William J Reeder,184360,0,11344,0,21438,0,0,80348,15000,10598,5000,0,0,0,0,0,41650,1000,0,0,0,0,186976,0,539714,0.35,3
V211215,2214502,2214502,Planning: Idaho EPSCoR RII Track-1 Planning Grant,Andrew D Kliskey,22222,0,4902,7059,0,0,0,9534,0,5000,0,0,0,0,0,0,500,0,18100,0,0,0,32649,0,99966,0.35,4
V220383,2229223,2229223,Collaborative Research: Climatic Control of Erosion Rates and Landscape Morphology - Quantifying the Influence of Fluvial Thresholds,Elowyn Yager,23509,0,0,54540,4800,0,26734,9457,0,24790,0,0,0,0,0,0,1800,1500,0,0,0,26734,61162,0,208292,0.35,5
V200449,2039525,2039525,Collaborative Research: Biomass burning smoke as a driver of multi-scale microbial teleconnections,Leda N Kobziar,28143,95800,15334,40000,0,0,0,49846,0,11326,0,0,0,0,0,0,37613,2000,0,0,0,26753,136355,0,443170,0.35,1
V220126,,2227079,Collaborative Research: Measuring G with a Magneto-Gravitational Trap,Zachariah B Etienne' 'Pamela V. Conyers,0,46815,0,0,0,0,0,19102,0,9273,0,0,0,0,0,0,0,0,0,0,,,37549,0,112739,0.35,2
V201060,2100926,2100926,Collaborative Research: Changes in hyporheic exchange and nitrous oxide generation due to streambed alteration by macro-roughness elements,William J Reeder,184360,0,11344,0,21438,0,0,80348,15000,10598,5000,0,0,0,0,0,41650,1000,0,0,0,0,186976,0,539714,0.35,3
V211215,2214502,2214502,Planning: Idaho EPSCoR RII Track-1 Planning Grant,Andrew D Kliskey,22222,0,4902,7059,0,0,0,9534,0,5000,0,0,0,0,0,0,500,0,18100,0,0,0,32649,0,99966,0.35,4
V220383,2229223,2229223,Collaborative Research: Climatic Control of Erosion Rates and Landscape Morphology - Quantifying the Influence of Fluvial Thresholds,Elowyn Yager,23509,0,0,54540,4800,0,0,9457,0,24790,0,0,0,0,0,0,1800,1500,0,0,0,30034,61162,0,208292,0.35,5
V200449,2039525,2039525,Collaborative Research: Biomass burning smoke as a driver of multi-scale microbial teleconnections,Leda N Kobziar,28143,95800,15334,40000,0,0,0,49846,0,11326,0,0,0,0,0,0,37613,2000,0,0,0,26753,136355,0,443170,0.35,1
V220126,,2227079,Collaborative Research: Measuring G with a Magneto-Gravitational Trap,Zachariah B Etienne' 'Pamela V. Conyers Pedro Marronetti,0,46815,0,0,0,0,0,19102,0,9273,0,0,0,0,0,0,0,0,0,0,,,37549,0,112739,0.35,2
V201060,2100926,2100926,Collaborative Research: Changes in hyporheic exchange and nitrous oxide generation due to streambed alteration by macro-roughness elements,William J Reeder,184360,0,11344,0,21438,0,0,80348,15000,10598,5000,0,0,0,0,0,41650,1000,0,0,0,0,186976,0,539714,0.35,3
V211215,2214502,2214502,Planning: Idaho EPSCoR RII Track-1 Planning Grant,Andrew D Kliskey,22222,0,4902,7059,0,0,0,9534,0,5000,0,0,0,0,0,0,500,0,18100,0,0,0,32649,0,99966,0.35,4
V220383,2229223,2229223,Collaborative Research: Climatic Control of Erosion Rates and Landscape Morphology - Quantifying the Influence of Fluvial Thresholds,Elowyn Yager,23509,0,0,54540,4800,0,0,9457,0,24790,0,0,0,0,0,0,1800,1500,0,0,0,26734,61162,0,208292,0.35,5
V200449,2039525,2039525,Collaborative Research: Biomass burning smoke as a driver of multi-scale microbial teleconnections,Leda N Kobziar,28143,95800,15334,40000,0,0,0,49846,0,11326,0,0,0,0,0,0,37613,2000,0,0,0,26753,136355,0,443170,0.35,1
V220126,2227079,2227079,Collaborative Research: Measuring G with a Magneto-Gravitational Trap,Zachariah B Etienne,0,46815,0,0,0,0,0,19102,0,9273,0,0,0,0,0,0,0,0,0,0,,,37549,0,112739,0.35,2
V201060,2100926,2100926,Collaborative Research: Changes in hyporheic exchange and nitrous oxide generation due to streambed alteration by macro-roughness elements,William J Reeder,184360,0,11344,0,21438,0,0,80348,15000,10598,5000,0,0,0,0,0,41650,1000,0,0,0,0,186976,0,539714,0.35,3
V211215,2214502,2214502,Planning: Idaho EPSCoR RII Track-1 Planning Grant,Andrew D Kliskey,22222,0,4902,7059,0,0,0,9534,0,5000,0,0,0,0,0,0,500,0,18100,0,0,0,32649,0,99966,0.35,4
V220383,2229223,2229223,Collaborative Research: Climatic Control of Erosion Rates and Landscape Morphology - Quantifying the Influence of Fluvial Thresholds,Elowyn Yager,23509,0,0,54540,4800,0,0,9457,0,24790,0,0,0,0,0,0,1800,1500,0,0,0,26734,61162,0,208292,0.35,5
V200449,2039525,2039525,Collaborative Research: Biomass burning smoke as a driver of multi-scale microbial teleconnections,Leda N Kobziar,28143,95800,15334,40000,0,0,0,49846,0,11326,0,0,0,0,0,0,37613,2000,0,0,0,26753,136355,0,443170,0.35,1
V220126,,2227079,Collaborative Research: Measuring G with a Magneto-Gravitational Trap,Zachariah B Etienne' 'Pamela V. Conyers,0,46815,0,0,0,0,0,19102,0,9273,0,0,0,0,0,0,0,0,0,0,,,37549,0,112739,0.35,2
V201060,2100926,2100926,Collaborative Research: Changes in hyporheic exchange and nitrous oxide generation due to streambed alteration by macro-roughness elements,William J Reeder,184360,0,11344,0,21438,0,0,80348,15000,10598,5000,0,0,0,0,0,41650,1000,0,0,0,0,186976,0,539714,0.35,3
V211215,2214502,2214502,Planning: Idaho EPSCoR RII Track-1 Planning Grant,Andrew D Kliskey,22222,0,4902,7059,0,0,0,9534,0,5000,0,0,0,0,0,0,500,0,18100,0,0,0,32649,0,99966,0.35,4
V220383,2229223,2229223,Collaborative Research: Climatic Control of Erosion Rates and Landscape Morphology - Quantifying the Influence of Fluvial Thresholds,Elowyn Yager,23509,0,0,54540,4800,0,0,9457,0,24790,0,0,0,0,0,0,1800,1500,0,0,0,26734,61162,0,208292,0.35,5
V200449,2039525,2039525,Collaborative Research: Biomass burning smoke as a driver of multi-scale microbial teleconnections,Leda N Kobziar,28143,95800,15334,40000,0,0,0,49846,0,11326,0,0,0,0,0,0,37613,2000,0,0,0,26753,136355,0,443170,0.5,1
V220126,,2227079,Collaborative Research: Measuring G with a Magneto-Gravitational Trap,Zachariah B Etienne,0,46815,0,0,0,0,,19102,0,,,,,,,,,,,,,,37549,0,112739,0.5,2
V201060,2100926,2100926,Collaborative Research: Changes in hyporheic exchange and nitrous oxide generation due to streambed alteration by macro-roughness elements,William J Reeder,184360,0,11344,0,21438,0,0,80348,15000,10598,5000,0,0,0,0,0,41650,1000,0,0,0,0,186976,0,539714,0.5,3
V211215,2214502,2214502,Planning: Idaho EPSCoR RII Track-1 Planning Grant,Andrew D Kliskey,22222,0,4902,7059,0,0,0,9534,0,5000,0,0,0,0,0,0,500,0,18100,0,0,0,32649,0,99966,0.5,4
V220383,2229223,2229223,Collaborative Research: Climatic Control of Erosion Rates and Landscape Morphology - Quantifying the Influence of Fluvial Thresholds,Elowyn Yager,23509,0,0,54540,4800,0,0,9457,0,24790,0,0,0,0,0,0,1800,1500,0,0,0,26734,61162,0,208292,0.5,5
V200449,2039525,2039525,Collaborative Research: Biomass burning smoke as a driver of multi-scale microbial teleconnections,Leda N Kobziar,28143,95800,15334,40000,0,0,0,49846,0,11326,0,0,0,0,0,0,37613,2000,0,0,0,0,136355,0,443170,0.5,1
V220126,,2227079,Collaborative Research: Measuring G with a Magneto-Gravitational Trap,Zachariah B Etienne,0,46815,0,0,0,0,0,19102,0,9273,0,0,0,0,0,0,0,0,0,0,,,37549,0,112739,0.5,2
V201060,2100926,2100926,Collaborative Research: Changes in hyporheic exchange and nitrous oxide generation due to streambed alteration by macro-roughness elements,William J Reeder,184360,0,11344,0,21438,0,0,80348,15000,10598,5000,0,0,0,0,0,41650,1000,0,0,0,0,186976,0,539714,0.5,3
V211215,2214502,2214502,Planning: Idaho EPSCoR RII Track-1 Planning Grant,Andrew D Kilskey,22222,0,4902,7059,0,0,0,9534,0,5000,0,0,0,0,0,0,500,0,18100,0,0,500,32649,0,99966,0.5,4
V220383,2229223,2229223,Collaborative Research: Climatic Control of Erosion Rates and Landscape Morphology - Quantifying the Influence of Fluvial Thresholds,Elowyn Yager,23509,0,0,54540,4800,0,0,9457,0,24790,0,0,0,0,0,0,1800,1500,0,0,0,30034,61162,0,208292,0.5,5
V200449,2039525,2039525,Collaborative Research: Biomass burning smoke as a driver of multi-scale microbial teleconnections,Leda N Kobziar,28143,95800,15334,40000,0,0,0,49846,0,11326,0,0,0,0,0,0,37613,2000,0,0,0,26753,136355,0,443170,0.5,1
V220126,2022709,2227079,Collaborative Research: Measuring G with a Magneto-Gravitational Trap,Zachariah B Etienne,0,46815,0,0,0,0,0,19102,0,9273,0,0,0,0,0,0,0,0,0,0,,,37549,0,112739,0.5,2
V201060,2100926,2100926,Collaborative Research: Changes in hyporheic exchange and nitrous oxide generation due to streambed alteration by macro-roughness elements,William J Reeder,184360,0,11344,0,21438,0,0,80348,15000,10598,5000,0,0,0,0,0,41650,1000,0,0,0,0,186976,0,539714,0.5,3
V211215,2214502,2214502,Planning: Idaho EPSCoR RII Track-1 Planning Grant,Andrew D Kliskey,22222,0,4902,7059,0,0,0,9534,0,5000,0,0,0,0,0,0,500,0,18100,0,0,0,32649,0,99966,0.5,4
V220383,2229223,2229223,Collaborative Research: Climatic Control of Erosion Rates and Landscape Morphology - Quantifying the Influence of Fluvial Thresholds,Elowyn Yager,23509,0,0,54540,4800,0,0,9457,0,24790,0,0,0,0,0,0,1800,1500,0,0,0,26734,61162,0,208292,0.5,5
V200449,2039525,2039525,Collaborative Research: Biomass burning smoke as a driver of multi-scale microbial teleconnections,Leda N Kobziar,28143,95800,15334,40000,0,0,0,49846,0,11326,0,0,0,0,0,0,37613,2000,0,0,0,0,136355,0,443170,0.5,1
V220126,2022709,2227079,Collaborative Research: Measuring G with a Magneto-Gravitational Trap,Zachariah B Etienne,0,46815,0,0,0,0,0,19102,0,9273,0,0,0,0,0,0,0,0,0,0,,,37549,0,112739,0.5,2
V201060,2100926,2100926,Collaborative Research: Changes in hyporheic exchange and nitrous oxide generation due to streambed alteration by macro-roughness elements,William J Reeder,184360,0,11344,0,21438,0,0,80348,15000,10598,5000,0,0,0,0,0,41650,1000,0,0,0,0,186976,0,539714,0.5,3
V211215,2214502,2214502,Planning: Idaho EPSCoR RII Track-1 Planning Grant,Andrew D Kliskey,22222,0,4902,7059,0,0,0,9534,0,5000,0,0,0,0,0,0,500,0,18100,0,0,0,32649,0,99966,0.5,4
V220383,2229223,2229223,Collaborative Research: Climatic Control of Erosion Rates and Landscape Morphology - Quantifying the Influence of Fluvial Thresholds,Elowyn Yager,23509,0,0,54540,4800,0,0,9457,0,24790,0,0,0,0,0,0,1800,1500,0,0,0,26734,61162,0,208292,0.5,5
V200449,2039525,2039525,Collaborative Research: Biomass burning smoke as a driver of multi-scale microbial teleconnections,Leda N Kobziar,28143,95800,15334,40000,0,0,0,49846,0,11326,0,0,0,0,0,0,37613,2000,0,0,0,26753,136355,0,443170,0.5,1
V220126,,2227079,Collaborative Research: Measuring G with a Magneto-Gravitational Trap,Zachariah B Etienne' 'Pamela V. Conyers,0,46815,0,0,0,0,0,19102,0,9273,0,0,0,0,0,0,0,0,0,0,,,37549,0,112739,0.5,2
V201060,2100926,2100926,Collaborative Research: Changes in hyporheic exchange and nitrous oxide generation due to streambed alteration by macro-roughness elements,William J Reeder,184360,0,11344,0,21438,0,0,80348,15000,10598,5000,0,0,0,0,0,41650,1000,0,0,0,0,186976,0,539714,0.5,3
V211215,2214502,2214502,Planning: Idaho EPSCoR RII Track-1 Planning Grant,Andrew D Kliskey,22222,0,4902,7059,0,0,0,9534,0,5000,0,0,0,0,0,0,500,0,18100,0,0,0,32649,0,99966,0.5,4
V220383,2229223,2229223,Collaborative Research: Climatic Control of Erosion Rates and Landscape Morphology - Quantifying the Influence of Fluvial Thresholds,Elowyn Yager,23509,0,0,54540,4800,0,26734,9457,0,24790,0,0,0,0,0,0,1800,1500,0,0,0,26734,61162,0,208292,0.5,5
V200449,2039525,2039525,Collaborative Research: Biomass burning smoke as a driver of multi-scale microbial teleconnections,Leda N Kobziar,28143,95800,15334,40000,0,0,0,49846,0,11326,0,0,0,0,0,0,37613,2000,0,0,0,26753,136355,0,443170,0.5,1
V220126,2022709,2227079,Collaborative Research: Measuring G with a Magneto-Gravitational Trap,Zachariah B Etienne,0,46815,0,0,0,0,0,19102,0,9273,0,0,0,0,0,0,0,0,0,0,,,37549,0,112739,0.5,2
V201060,2100926,2100926,Collaborative Research: Changes in hyporheic exchange and nitrous oxide generation due to streambed alteration by macro-roughness elements,William J Reeder,184360,0,11344,0,21438,0,0,80348,15000,10598,5000,0,0,0,0,0,41650,1000,0,0,0,0,186976,0,539714,0.5,3
V211215,2214502,2214502,Planning: Idaho EPSCoR RII Track-1 Planning Grant,Andrew D Kliskey,22222,0,4902,7059,0,0,0,9534,0,5000,0,0,0,0,0,0,500,0,18100,0,0,500,32649,0,99966,0.5,4
V220383,2229223,2229223,Collaborative Research: Climatic Control of Erosion Rates and Landscape Morphology - Quantifying the Influence of Fluvial Thresholds,Elowyn Yager,23509,0,0,54540,4800,0,0,9457,0,24790,0,0,0,0,0,0,1800,1500,0,0,0,26734,61162,0,208292,0.5,5
V200449,2039525,2039525,Collaborative Research: Biomass burning smoke as a driver of multi-scale microbial teleconnections,Leda N Kobziar,28143,95800,15334,40000,0,0,0,49846,0,11326,0,0,0,0,0,0,37613,2000,0,0,0,26753,136355,0,443170,0.5,1
V220126,2022709,2227079,Collaborative Research: Measuring G with a Magneto-Gravitational Trap,Zachariah B Etienne' 'Pamela V. Conyers Pedro Marronetti,0,46815,0,0,0,0,0,19102,0,9273,0,0,0,0,0,0,0,0,0,0,,,37549,0,112739,0.5,2
V201060,2100926,2100926,Collaborative Research: Changes in hyporheic exchange and nitrous oxide generation due to streambed alteration by macro-roughness elements,William J Reeder,184360,0,11344,0,21438,0,0,80348,15000,10598,5000,0,0,0,0,0,41650,1000,0,0,0,0,186976,0,539714,0.5,3
V211215,2214502,2214502,Planning: Idaho EPSCoR RII Track-1 Planning Grant,Andrew D Kliskey,22222,0,4902,7059,0,0,0,9534,0,5000,0,0,0,0,0,0,500,0,18100,0,0,0,32649,0,99966,0.5,4
V220383,2229223,2229223,Collaborative Research: Climatic Control of Erosion Rates and Landscape Morphology - Quantifying the Influence of Fluvial Thresholds,Elowyn Yager,23509,0,0,54540,4800,0,0,9457,0,24790,0,0,0,0,0,0,1800,1500,0,0,0,26734,61162,0,208292,0.5,5
V200449,2039525,2039525,Collaborative Research: Biomass burning smoke as a driver of multi-scale microbial teleconnections,Leda N Kobziar,28143,95800,15334,40000,0,0,0,49846,0,11326,0,0,0,0,0,0,37613,2000,0,0,0,26753,136355,0,443170,0.5,1
V220126,2022709,2227079,Collaborative Research: Measuring G with a Magneto-Gravitational Trap,Zachariah B Etienne,0,46815,0,0,0,0,0,19102,0,9273,0,0,0,0,0,0,0,0,0,0,,,37549,0,112739,0.5,2
V201060,2100926,2100926,Collaborative Research: Changes in hyporheic exchange and nitrous oxide generation due to streambed alteration by macro-roughness elements,William J Reeder,184360,0,11344,0,21438,0,0,80348,15000,10598,5000,0,0,0,0,0,41650,1000,0,0,0,0,186976,0,539714,0.5,3
V211215,2214502,2214502,Planning: Idaho EPSCoR RII Track-1 Planning Grant,Andrew D Kliskey,22222,0,4902,7059,0,0,0,9534,0,5000,0,0,0,0,0,0,500,0,18100,0,0,0,32649,0,99966,0.5,4
V220383,2229223,2229223,Collaborative Research: Climatic Control of Erosion Rates and Landscape Morphology - Quantifying the Influence of Fluvial Thresholds,Elowyn Yager,23509,0,0,54540,4800,0,0,9457,0,24790,0,0,0,0,0,0,1800,1500,0,0,0,26734,61162,0,208292,0.5,5
V200449,2039525,2039525,Collaborative Research: Biomass burning smoke as a driver of multi-scale microbial teleconnections,Leda N Kobziar,28143,95800,15334,40000,0,0,0,49846,0,11326,0,0,0,0,0,0,37613,2000,0,0,0,26753,136355,0,443170,0.5,1
V220126,2022709,2227079,Collaborative Research: Measuring G with a Magneto-Gravitational Trap,Zachariah B Etienne,0,46815,0,0,0,0,0,19102,0,9273,0,0,0,0,0,0,0,0,0,0,,,37549,0,112739,0.5,2
V201060,2100926,2100926,Collaborative Research: Changes in hyporheic exchange and nitrous oxide generation due to streambed alteration by macro-roughness elements,William J Reeder,184360,0,11344,0,21438,0,0,80348,15000,10598,5000,0,0,0,0,0,41650,1000,0,0,0,0,186976,0,539714,0.5,3
V211215,2214502,2214502,Planning: Idaho EPSCoR RII Track-1 Planning Grant,Andrew D Kliskey,22222,0,4902,7059,0,0,0,9534,0,5000,0,0,0,0,0,0,500,0,18100,0,0,0,32649,0,99966,0.5,4
V220383,2229223,2229223,Collaborative Research: Climatic Control of Erosion Rates and Landscape Morphology - Quantifying the Influence of Fluvial Thresholds,Elowyn Yager,23509,0,0,54540,4800,0,0,9457,0,24790,0,0,0,0,0,0,1800,1500,0,0,0,26734,61162,0,208292,0.5,5
V200449,2039525,2039525,Collaborative Research: Biomass burning smoke as a driver of multi-scale microbial teleconnections,Leda N Kobziar,28143,95800,15334,40000,0,0,0,49846,0,11326,0,0,0,0,0,0,37613,2000,0,0,0,26753,136355,0,443170,0.5,1
V220126,,2227079,Collaborative Research: Measuring G with a Magneto-Gravitational Trap,Zachariah B Etienne,0,46815,0,0,0,0,0,19102,0,9273,0,0,0,0,0,0,0,0,0,0,,,37549,0,112739,0.5,2
V201060,2100926,2100926,Collaborative Research: Changes in hyporheic exchange and nitrous oxide generation due to streambed alteration by macro-roughness elements,William J Reeder,184360,0,11344,0,21438,0,0,80348,15000,10598,5000,0,0,0,0,0,41650,1000,0,0,0,0,186976,0,539714,0.5,3
V211215,2214502,2214502,Planning: Idaho EPSCoR RII Track-1 Planning Grant,Andrew D Kliskey,22222,0,4902,7059,0,0,0,9534,0,5000,0,0,0,0,0,0,500,0,18100,0,0,0,32649,0,99966,0.5,4
V220383,2229223,2229223,Collaborative Research: Climatic Control of Erosion Rates and Landscape Morphology - Quantifying the Influence of Fluvial Thresholds,Elowyn Yager,23509,0,0,54540,4800,0,0,9457,0,24790,0,0,0,0,0,0,1800,1500,0,0,0,26734,61162,0,208292,0.5,5
V200449,2039525,2039525,Collaborative Research: Biomass burning smoke as a driver of multi-scale microbial teleconnections,Leda N Kobziar,28143,95800,15334,40000,0,0,0,49846,0,11326,0,0,0,0,0,0,37613,2000,0,0,0,0,136355,0,443170,0.7,1
V220126,,2227079,Collaborative Research: Measuring G with a Magneto-Gravitational Trap,Zachariah B Etienne,0,46815,0,0,0,0,0,19102,0,9273,0,0,0,0,0,0,0,0,0,0,,,37549,0,112739,0.7,2
V201060,2100926,2100926,Collaborative Research: Changes in hyporheic exchange and nitrous oxide generation due to streambed alteration by macro-roughness elements,William J Reeder,184360,0,11344,0,21438,0,0,80348,15000,10598,5000,0,0,0,0,0,41650,1000,0,0,0,0,186976,0,539714,0.7,3
V211215,2214502,2214502,Planning: Idaho EPSCoR RII Track-1 Planning Grant,Andrew D Kliskey,22222,0,4902,7059,0,0,0,9534,0,5000,0,0,0,0,0,0,500,0,18100,0,0,0,32649,0,99966,0.7,4
V220383,2229223,2229223,Collaborative Research: Climatic Control of Erosion Rates and Landscape Morphology - Quantifying the Influence of Fluvial Thresholds,Elowyn Yager,23509,0,0,54540,4800,0,0,9457,0,24790,0,0,0,0,0,0,1800,1500,0,0,0,26734,61162,0,208292,0.7,5
V200449,2039525,2039525,Collaborative Research: Biomass burning smoke as a driver of multi-scale microbial teleconnections,Leda N Kobziar,28143,95800,15334,40000,0,0,0,49846,0,11326,0,0,0,0,0,0,37613,2000,0,0,0,26753,136355,0,443170,0.7,1
V220126,2022709,2227079,Collaborative Research: Measuring G with a Magneto-Gravitational Trap,Zachariah B Etienne,0,46815,0,0,0,0,0,19102,0,9273,0,0,0,0,0,0,0,0,0,0,,,37549,0,112739,0.7,2
V201060,2100926,2100926,Collaborative Research: Changes in hyporheic exchange and nitrous oxide generation due to streambed alteration by macro-roughness elements,William J Reeder,184360,0,11344,0,21438,0,0,80348,15000,10598,5000,0,0,0,0,0,41650,1000,0,0,0,0,186976,0,539714,0.7,3
V211215,2214502,2214502,Planning: Idaho EPSCoR RII Track-1 Planning Grant,Andrew D Kliskey,22222,0,4902,7059,0,0,0,9534,0,5000,0,0,0,0,0,0,500,0,18100,0,0,0,32649,0,99966,0.7,4
V220383,2229223,2229223,Collaborative Research: Climatic Control of Erosion Rates and Landscape Morphology - Quantifying the Influence of Fluvial Thresholds,Elowyn Yager,23509,0,0,54540,4800,0,0,9457,0,24790,0,0,0,0,0,0,1800,1500,0,0,0,26734,61162,0,208292,0.7,5
V200449,2039525,2039525,Collaborative Research: Biomass burning smoke as a driver of multi-scale microbial teleconnections,Leda N Kobziar,28143,95800,15334,40000,0,0,0,49846,0,11326,0,0,0,0,0,0,37613,2000,0,0,0,,136355,0,443170,0.7,1
V220126,,2227079,Collaborative Research: Measuring G with a Magneto-Gravitational Trap,Zachariah B Etienne,0,46815,0,0,0,0,0,19102,0,9273,0,0,0,0,0,0,0,0,0,0,,,37549,0,112739,0.7,2
V201060,2100926,2100926,Collaborative Research: Changes in hyporheic exchange and nitrous oxide generation due to streambed alteration by macro-roughness elements,William J Reeder,184360,0,11344,0,21438,0,0,80348,15000,10598,5000,0,0,0,0,0,41650,1000,0,0,0,0,186976,0,539714,0.7,3
V211215,2214502,2214502,Planning: Idaho EPSCoR RII Track-1 Planning Grant,Andrew D Kliskey,22222,0,4902,7059,0,0,0,9534,0,5000,0,0,0,0,0,0,500,0,18100,0,0,500,32649,0,99966,0.7,4
V220383,2229223,2229223,Collaborative Research: Climatic Control of Erosion Rates and Landscape Morphology - Quantifying the Influence of Fluvial Thresholds,Elowyn Yager,23509,0,0,54540,4800,0,0,9457,0,24790,0,0,0,0,0,0,1800,1500,0,0,0,26734,61162,0,208292,0.7,5
V200449,2039525,2039525,Collaborative Research: Biomass burning smoke as a driver of multi-scale microbial teleconnections,Leda N Kobziar,28143,95800,15334,40000,0,0,0,49846,0,11326,0,0,0,0,0,0,37613,2000,0,0,0,26753,136355,0,443170,0.7,1
V220126,2022709,2227079,Collaborative Research: Measuring G with a Magneto-Gravitational Trap,Zachariah B Etienne,0,46815,0,0,0,0,0,19102,0,9273,0,0,0,0,0,0,0,0,0,0,,,37549,0,112739,0.7,2
V201060,2100926,2100926,Collaborative Research: Changes in hyporheic exchange and nitrous oxide generation due to streambed alteration by macro-roughness elements,William J Reeder,184360,0,11344,0,21438,0,0,80348,15000,10598,5000,0,0,0,0,0,41650,1000,0,0,0,0,186976,0,539714,0.7,3
V211215,2214502,2214502,Planning: Idaho EPSCoR RII Track-1 Planning Grant,Andrew D Kliskey,22222,0,4902,7059,0,0,0,9534,0,5000,0,0,0,0,0,0,500,0,18100,0,0,0,32649,0,99966,0.7,4
V220383,2229223,2229223,Collaborative Research: Climatic Control of Erosion Rates and Landscape Morphology - Quantifying the Influence of Fluvial Thresholds,Elowyn Yager,23509,0,0,54540,4800,0,0,9457,0,24790,0,0,0,0,0,0,1800,1500,0,0,0,26734,61162,0,208292,0.7,5
V200449,2039525,2039525,Collaborative Research: Biomass burning smoke as a driver of multi-scale microbial teleconnections,Leda N Kobziar,28143,95800,15334,40000,0,0,0,49846,0,11326,0,0,0,0,0,0,37613,2000,0,0,0,26753,136355,0,443170,0.7,1
V220126,2022709,2227079,Collaborative Research: Measuring G with a Magneto-Gravitational Trap,Zachariah B Etienne,0,46815,0,0,0,0,0,19102,0,9273,0,0,0,0,0,0,0,0,0,0,,,37549,0,112739,0.7,2
V201060,2100926,2100926,Collaborative Research: Changes in hyporheic exchange and nitrous oxide generation due to streambed alteration by macro-roughness elements,William J Reeder,184360,0,11344,0,21438,0,0,80348,15000,10598,5000,0,0,0,0,0,41650,1000,0,0,0,0,186976,0,539714,0.7,3
V211215,2214502,2214502,Planning: Idaho EPSCoR RII Track-1 Planning Grant,Andrew D Kliskey,22222,0,4902,7059,0,0,0,9534,0,5000,0,0,0,0,0,0,500,0,18100,0,0,0,32649,0,99966,0.7,4
V220383,2229223,2229223,Collaborative Research: Climatic Control of Erosion Rates and Landscape Morphology - Quantifying the Influence of Fluvial Thresholds,Elowyn Yager,23509,0,0,54540,4800,0,0,9457,0,24790,0,0,0,0,0,0,1800,1500,0,0,0,30034,61162,0,208292,0.7,5
V200449,2039525,2039525,Collaborative Research: Biomass burning smoke as a driver of multi-scale microbial teleconnections,Leda N Kobziar,28143,95800,15334,40000,0,0,0,49846,0,11326,0,0,0,0,0,0,37613,2000,0,0,0,0,136355,0,443170,0.7,1
V220126,,2227079,Collaborative Research: Measuring G with a Magneto-Gravitational Trap,Zachariah B Etienne,0,46815,0,0,0,0,0,19102,0,9273,0,0,0,0,0,0,0,0,0,0,,,37549,0,112739,0.7,2
V201060,2100926,2100926,Collaborative Research: Changes in hyporheic exchange and nitrous oxide generation due to streambed alteration by macro-roughness elements,William J Reeder,184360,0,11344,0,21438,0,0,80348,15000,10598,5000,0,0,0,0,0,41650,1000,0,0,0,0,186976,0,539714,0.7,3
V211215,2214502,2214502,Planning: Idaho EPSCoR RII Track-1 Planning Grant,Andrew D Kliskey,22222,0,4902,7059,0,0,0,9534,0,5000,0,0,0,0,0,0,500,0,18100,0,0,0,32649,0,99966,0.7,4
V220383,2229223,2229223,Collaborative Research: Climatic Control of Erosion Rates and Landscape Morphology - Quantifying the Influence of Fluvial Thresholds,Elowyn Yager,23509,0,0,54540,4800,0,0,9457,0,24790,0,0,0,0,0,0,1800,1500,0,0,0,30034,61162,0,208292,0.7,5
V200449,2039525,2039525,Collaborative Research: Biomass burning smoke as a driver of multi-scale microbial teleconnections,Leda N Kobziar,28143,95800,15334,40000,0,0,0,49846,0,11326,0,0,0,0,0,0,37613,2000,0,0,0,26753,136355,0,443170,0.7,1
V220126,,2227079,Collaborative Research: Measuring G with a Magneto-Gravitational Trap,Zachariah B Etienne,0,46815,0,0,0,0,0,19102,0,9273,0,0,0,0,0,0,0,0,0,0,,,37549,0,112739,0.7,2
V201060,2100926,2100926,Collaborative Research: Changes in hyporheic exchange and nitrous oxide generation due to streambed alteration by macro-roughness elements,William J Reeder,184360,0,11344,0,21438,0,0,80348,15000,10598,5000,0,0,0,0,0,41650,1000,0,0,0,0,186976,0,539714,0.7,3
V211215,2214502,2214502,Planning: Idaho EPSCoR RII Track-1 Planning Grant,Andrew D Kliskey,22222,0,4902,7059,0,0,0,9534,0,5000,0,0,0,0,0,0,500,0,18100,0,0,0,32649,0,99966,0.7,4
V220383,2229223,2229223,Collaborative Research: Climatic Control of Erosion Rates and Landscape Morphology - Quantifying the Influence of Fluvial Thresholds,Elowyn Yager,23509,0,0,54540,4800,0,0,9457,0,24790,0,0,0,0,0,0,1800,1500,0,0,0,26734,61162,0,208292,0.7,5
V200449,2039525,2039525,Collaborative Research: Biomass burning smoke as a driver of multi-scale microbial teleconnections,Leda N Kobziar,28143,95800,15334,40000,0,0,0,49846,0,11326,0,0,0,0,0,0,37613,2000,0,0,0,0,136355,0,443170,0.7,1
V220126,2022709,2227079,Collaborative Research: Measuring G with a Magneto-Gravitational Trap,Zachariah B Etienne,0,46815,0,0,0,0,0,19102,0,9273,0,0,0,0,0,0,0,0,0,0,,,37549,0,112739,0.7,2
V201060,2100926,2100926,Collaborative Research: Changes in hyporheic exchange and nitrous oxide generation due to streambed alteration by macro-roughness elements,William J Reeder,184360,0,11344,0,21438,0,0,80348,15000,10598,5000,0,0,0,0,0,41650,1000,0,0,0,0,186976,0,539714,0.7,3
V211215,2214502,2214502,Planning: Idaho EPSCoR RII Track-1 Planning Grant,Andrew D Kliskey,22222,0,4902,7059,0,0,0,9534,0,5000,0,0,0,0,0,0,500,0,18100,0,0,0,32649,0,99966,0.7,4
V220383,2229223,2229223,Collaborative Research: Climatic Control of Erosion Rates and Landscape Morphology - Quantifying the Influence of Fluvial Thresholds,Elowyn Yager,23509,0,0,54540,4800,0,0,9457,0,24790,0,0,0,0,0,0,1800,1500,0,0,0,26734,61162,0,208292,0.7,5
V200449,2039525,2039525,Collaborative Research: Biomass burning smoke as a driver of multi-scale microbial teleconnections,Leda N Kobziar,28143,95800,15334,40000,0,0,0,49846,0,11326,0,0,0,0,0,0,37613,2000,0,0,0,0,136355,0,443170,0.7,1
V220126,,2227079,Collaborative Research: Measuring G with a Magneto-Gravitational Trap,Zachariah B Etienne,0,46815,0,0,0,0,0,19102,0,9273,0,0,0,0,0,0,0,0,0,0,,,37549,0,112739,0.7,2
V201060,2100926,2100926,Collaborative Research: Changes in hyporheic exchange and nitrous oxide generation due to streambed alteration by macro-roughness elements,William J Reeder,184360,0,11344,0,21438,0,0,80348,15000,10598,5000,0,0,0,0,0,41650,1000,0,0,0,0,186976,0,539714,0.7,3
V211215,2214502,2214502,Planning: Idaho EPSCoR RII Track-1 Planning Grant,Andrew D Kliskey,22222,0,4902,7059,0,0,0,9534,0,5000,0,0,0,0,0,0,500,0,18100,0,0,0,32649,0,99966,0.7,4
V220383,2229223,2229223,Collaborative Research: Climatic Control of Erosion Rates and Landscape Morphology - Quantifying the Influence of Fluvial Thresholds,Elowyn Yager,23509,0,0,54540,4800,0,0,9457,0,24790,0,0,0,0,0,0,1800,1500,0,0,0,26734,61162,0,208292,0.7,5
V200449,2039525,2039525,Collaborative Research: Biomass burning smoke as a driver of multi-scale microbial teleconnections,Leda N Kobziar,28143,95800,15334,40000,0,0,0,49846,0,11326,0,0,0,0,0,0,37613,2000,0,0,0,26753,136355,0,443170,0.7,1
V220126,,2227079,Collaborative Research: Measuring G with a Magneto-Gravitational Trap,Zachariah B Etienne,0,46815,0,0,0,0,0,19102,0,9273,0,0,0,0,0,0,0,0,0,0,,,37549,0,112739,0.7,2
V201060,2100926,2100926,Collaborative Research: Changes in hyporheic exchange and nitrous oxide generation due to streambed alteration by macro-roughness elements,William J Reeder,184360,0,11344,0,21438,0,0,80348,15000,10598,5000,0,0,0,0,0,41650,1000,0,0,0,0,186976,0,539714,0.7,3
V211215,2214502,2214502,Planning: Idaho EPSCoR RII Track-1 Planning Grant,Andrew D Kliskey,22222,0,4902,7059,0,0,0,9534,0,5000,0,0,0,0,0,0,500,0,18100,0,0,0,32649,0,99966,0.7,4
V220383,2229223,2229223,Collaborative Research: Climatic Control of Erosion Rates and Landscape Morphology - Quantifying the Influence of Fluvial Thresholds,Elowyn Yager,23509,0,0,54540,4800,0,0,9457,0,24790,0,0,0,0,0,0,1800,1500,0,0,0,30034,61162,0,208292,0.7,5
V200449,2039525,2039525,Collaborative Research: Biomass burning smoke as a driver of multi-scale microbial teleconnections,Leda N Kobziar,28143,95800,15334,40000,0,0,0,49846,0,11326,0,0,0,0,0,0,37613,2000,0,0,0,0,136355,0,443170,0.85,1
V220126,,2227079,Collaborative Research: Measuring G with a Magneto-Gravitational Trap,Zachariah B Etienne,0,46815,0,0,0,0,0,19102,0,9273,0,0,0,0,0,0,0,0,0,0,,,37549,0,112739,0.85,2
V201060,2100926,2100926,Collaborative Research: Changes in hyporheic exchange and nitrous oxide generation due to streamlined alteration by macro-roughness elements,William J Reeder,184360,0,11344,0,21438,0,0,80348,15000,10598,5000,0,0,0,0,0,41650,1000,0,0,0,0,186976,0,539714,0.85,3
V211215,2214502,2214502,Planning: Idaho EPSCoR RII Track-1 Planning Grant,Andrew D Kliskey,22222,0,4902,7059,0,0,0,9534,0,5000,0,0,0,0,0,0,500,0,18100,0,0,0,32649,0,99966,0.85,4
V220383,2229223,2229223,Collaborative Research: Climatic Control of Erosion Rates and Landscape Morphology - Quantifying the Influence of Fluvial Thresholds,Elowyn Yager,23509,0,0,54540,4800,0,0,9457,0,24790,0,0,0,0,0,0,1800,1500,0,0,0,26734,61162,0,208292,0.85,5
V200449,2039525,2039525,Collaborative Research: Biomass burning smoke as a driver of multi-scale microbial teleconnections,Leda N Kobziar,28143,95800,15334,40000,0,0,0,49846,0,11326,0,0,0,0,0,0,37613,2000,0,0,0,26753,136355,0,443170,0.85,1
V220126,2027209,2227079,Collaborative Research: Measuring G with a Magneto-Gravitational Trap,Zachariah B Etienne,0,46815,0,0,0,0,,19102,0,,,,,,,,,,,,,,37549,0,112739,0.85,2
V201060,2100926,2100926,Collaborative Research: Changes in hyporheic exchange and nitrous oxide generation due to streambed alteration by macro-roughness elements,William J Reeder,184360,0,11344,0,21438,0,0,80348,15000,10598,5000,0,0,0,0,0,41650,1000,0,0,0,0,186976,0,539714,0.85,3
V211215,2214502,2214502,Planning: Idaho EPSCoR RII Track-1 Planning Grant,Andrew D Kliskey,22222,0,4902,7059,0,0,0,9534,0,5000,0,0,0,0,0,0,500,0,18100,0,0,0,32649,0,99966,0.85,4
V220383,2229223,2229223,Collaborative Research: Climatic Control of Erosion Rates and Landscape Morphology - Quantifying the Influence of Fluvial Thresholds,Elowyn Yager,23509,0,0,54540,4800,0,0,9457,0,24790,0,0,0,0,0,0,1800,1500,0,0,,,61162,0,208292,0.85,5
V200449,2039525,2039525,Collaborative Research: Biomass burning smoke as a driver of multi-scale microbial teleconnections,Leda N Kobziar,28143,95800,15334,40000,0,0,0,49846,0,11326,0,0,0,0,0,0,37613,2000,0,0,0,0,136355,0,443170,0.85,1
V220126,2022709,2227079,Collaborative Research: Measuring G with a Magneto-Gravitational Trap,Zachariah B Etienne' 'Pamela V. Conyers,0,46815,0,0,0,0,0,19102,0,9273,0,0,0,0,0,0,0,0,0,0,,,37549,0,112739,0.85,2
V201060,2100926,2100926,Collaborative Research: Changes in hyporheic exchange and nitrous oxide generation due to streambed alteration by macro-roughness elements,William J Reeder,184360,0,11344,0,21438,0,0,80348,15000,10598,5000,0,0,0,0,0,41650,1000,0,0,0,0,186976,0,539714,0.85,3
V211215,2214502,2214502,Planning: Idaho EPSCoR RII Track-1 Planning Grant,Andrew D Kliskey,22222,0,4902,7059,0,0,0,9534,0,5000,0,0,0,0,0,0,500,0,18100,0,0,0,32649,0,99966,0.85,4
V220383,2229223,2229223,Collaborative Research: Climatic Control of Erosion Rates and Landscape Morphology - Quantifying the Influence of Fluvial Thresholds,Elowyn Yager,23509,0,0,54540,4800,0,0,9457,0,24790,0,0,0,0,0,0,1800,1500,0,0,0,30034,61162,0,208292,0.85,5
V200449,2039525,2039525,Collaborative Research: Biomass burning smoke as a driver of multi-scale microbial teleconnections,Leda N Kobziar,28143,95800,15334,40000,0,0,0,49846,0,11326,0,0,0,0,0,0,37613,2000,0,0,0,0,136355,0,443170,0.85,1
V220126,,2227079,Collaborative Research: Measuring G with a Magneto-Gravitational Trap,Zachariah B Etienne' 'Pamela V. Conyers Pedro Marronetti,0,46815,0,0,0,0,0,19102,0,9273,0,0,0,0,0,0,0,0,0,0,,,37549,0,112739,0.85,2
V201060,2100926,2100926,Collaborative Research: Changes in hyporheic exchange and nitrous oxide generation due to streambed alteration by macro-roughness elements,William J Reeder,184360,0,11344,0,21438,0,0,80348,15000,10598,5000,0,0,0,0,0,41650,1000,0,0,0,0,186976,0,539714,0.85,3
V211215,2214502,2214502,Planning: Idaho EPSCoR RII Track-1 Planning Grant,Andrew D Kliskey,22222,0,4902,7059,0,,0,9534,0,5000,,0,0,0,0,0,500,0,18100,0,0,0,32649,0,99966,0.85,4
V220383,2229223,2229223,Collaborative Research: Climatic Control of Erosion Rates and Landscape Morphology - Quantifying the Influence of Fluvial Thresholds,Elowyn Yager,23509,0,0,54540,4800,0,0,9457,0,24790,0,0,0,0,0,0,1800,1500,0,0,0,30034,61162,0,208292,0.85,5
V200449,2039525,2039525,Collaborative Research: Biomass burning smoke as a driver of multi-scale microbial teleconnections,Leda N Kobziar,28143,95800,15334,40000,0,0,0,49846,0,11326,0,0,0,0,0,0,37613,2000,0,0,0,26753,136355,0,443170,0.85,1
V220126,,2227079,Collaborative Research: Measuring G with a Magneto-Gravitational Trap,Zachariah B Etienne' 'Pamela V. Conyers Pedro Marronetti,0,46815,0,0,0,0,0,19102,0,9273,0,0,0,0,0,0,0,0,0,0,,,37549,0,112739,0.85,2
V201060,2100926,2100926,Collaborative Research: Changes in hyporheic exchange and nitrous oxide generation due to streambed alteration by macro-roughness elements,William J Reeder,184360,0,11344,0,21438,0,0,80348,15000,10598,5000,0,0,0,0,0,41650,1000,0,0,0,0,168976,0,539714,0.85,3
V211215,2214502,2214502,Planning: Idaho EPSCoR RII Track-1 Planning Grant,Andrew D Kilskey,22222,0,4902,7059,0,0,0,9534,0,5000,0,0,0,0,0,0,500,0,18100,0,0,500,32649,0,99966,0.85,4
V220383,2229223,2229223,Collaborative Research: Climatic Control of Erosion Rates and Landscape Morphology - Quantifying the Influence of Fluvial Thresholds,Elowyn Yager,23509,0,0,54540,4800,0,0,9457,0,24790,0,0,0,0,0,0,1800,1500,0,0,0,26734,61162,0,208292,0.85,5
V200449,2039525,2039525,Collaborative Research: Biomass burning smoke as a driver of multi-scale microbial teleconnections,Leda N Kobziar,28143,95800,15334,40000,0,0,0,49846,0,11326,0,0,0,0,0,0,37613,2000,0,0,0,26753,136355,0,443170,0.85,1
V220126,,2227079,Collaborative Research: Measuring G with a Magneto-Gravitational Trap,Zachariah B Etienne,0,46815,0,0,0,0,0,19102,0,9273,0,0,0,0,0,0,0,0,0,0,,,37549,0,112739,0.85,2
V201060,2100926,2100926,Collaborative Research: Changes in hyporheic exchange and nitrous oxide generation due to streambed alteration by macro-roughness elements,William J Reeder,184360,0,11344,0,21438,0,0,80348,15000,10598,5000,0,0,0,0,0,41650,1000,0,0,0,0,186976,0,539714,0.85,3
V211215,2214502,2214502,Planning: Idaho EPSCoR RII Track-1 Planning Grant,Andrew D Kliskey,22222,0,4902,7059,0,0,0,9534,0,5000,0,0,0,0,0,0,500,0,18100,0,0,0,32649,0,99966,0.85,4
V220383,2229223,2229223,Collaborative Research: Climatic Control of Erosion Rates and Landscape Morphology - Quantifying the Influence of Fluvial Thresholds,Elowyn Yager,23509,0,0,54540,4800,0,0,9457,0,24790,0,0,0,0,0,0,1800,1500,0,0,0,30034,61162,0,208292,0.85,5
V200449,2039525,2039525,Collaborative Research: Biomass burning smoke as a driver of multi-scale microbial teleconnections,Leda N Kobziar,28143,95800,15334,40000,0,0,0,49846,0,11326,0,0,0,0,0,0,37613,2000,0,0,0,26753,136355,0,443170,0.85,1
V220126,,2227079,Collaborative Research: Measuring G with a Magneto-Gravitational Trap,Zachariah B Etienne,0,46815,0,0,0,0,0,19102,0,9273,0,0,0,0,0,0,0,0,0,0,,,37549,0,112739,0.85,2
V201060,2100926,2100926,Collaborative Research: Changes in hyporheic exchange and nitrous oxide generation due to streambed alteration by macro-roughness elements,William J Reeder,184360,0,11344,0,21438,0,0,80348,15000,10598,5000,0,0,0,0,0,41650,1000,0,0,0,0,186976,0,539714,0.85,3
V211215,2214502,2214502,Planning: Idaho EPSCoR RII Track-1 Planning Grant,Andrew D Kliskey,22222,0,4902,7059,0,0,0,9534,0,5000,0,0,0,0,0,0,500,0,18100,0,0,500,32649,0,99966,0.85,4
V220383,2229223,2229223,Collaborative Research: Climatic Control of Erosion Rates and Landscape Morphology - Quantifying the Influence of Fluvial Thresholds,Elowyn Yager,23509,0,0,54540,4800,0,0,9457,0,24790,0,0,0,0,0,0,1800,1500,0,0,0,26734,61162,0,208292,0.85,5
V200449,2039525,2039525,Collaborative Research: Biomass burning smoke as a driver of multi-scale microbial teleconnections,Leda N Kobziar,28143,95800,15334,40000,0,0,0,49846,0,11326,0,0,0,0,0,0,37613,2000,0,0,0,26753,136355,0,443170,0.85,1
V220126,2022709,2227079,Collaborative Research: Measuring G with a Magneto-Gravitational Trap,Zachariah B Etienne,0,46815,0,0,0,0,0,19102,0,9273,0,0,0,0,0,0,0,0,0,0,,,37549,0,112739,0.85,2
V201060,2100926,2100926,Collaborative Research: Changes in hyporheic exchange and nitrous oxide generation due to streambed alteration by macro-roughness elements,William J Reeder,184360,0,11344,0,21438,0,0,80348,15000,10598,5000,0,0,0,0,0,41650,1000,0,0,0,0,186976,0,539714,0.85,3
V211215,2214502,2214502,Planning: Idaho EPSCoR RII Track-1 Planning Grant,Andrew D Kliskey,22222,0,4902,7059,0,0,0,9534,0,5000,0,0,0,0,0,0,500,0,18100,0,0,0,32649,0,99966,0.85,4
V220383,2229223,2229223,Collaborative Research: Climatic Control of Erosion Rates and Landscape Morphology - Quantifying the Influence of Fluvial Thresholds,Elowyn Yager,23509,0,0,54540,4800,0,0,9457,0,24790,0,0,0,0,0,0,1800,1500,0,0,0,30034,61162,0,208292,0.85,5
V200449,2039525,2039525,Collaborative Research: Biomass burning smoke as a driver of multi-scale microbial teleconnections,Leda N Kobziar,28143,95800,15334,40000,0,0,0,49846,0,11326,0,0,0,0,0,0,37613,2000,0,0,0,0,136355,0,443170,0.85,1
V220126,,2227079,Collaborative Research: Measuring G with a Magneto-Gravitational Trap,Zachariah B Etienne,0,46815,0,0,0,0,0,19102,0,9273,0,0,0,0,0,0,0,0,0,0,,,37549,0,112739,0.85,2
V201060,2100926,2100926,Collaborative Research: Changes in hyporheic exchange and nitrous oxide generation due to streambed alteration by macro-roughness elements,William J Reeder,184360,0,11344,0,21438,0,0,80348,15000,10598,5000,0,0,0,0,0,41650,1000,0,0,0,0,168976,0,539714,0.85,3
V211215,2214502,2214502,Planning: Idaho EPSCoR RII Track-1 Planning Grant,Andrew D Kliskey,22222,0,4902,7059,0,0,0,9534,0,5000,0,0,0,0,0,0,500,0,18100,0,0,0,32649,0,99966,0.85,4
V220383,2229223,2229223,Collaborative Research: Climatic Control of Erosion Rates and Landscape Morphology - Quantifying the Influence of Fluvial Thresholds,Elowyn Yager,23509,0,0,54540,4800,0,0,9457,0,24790,0,0,0,0,0,0,1800,1500,0,0,0,26734,61162,0,208292,0.85,5
V200449,2039525,2039525,Collaborative Research: Biomass burning smoke as a driver of multi-scale microbial teleconnections,Leda N Kobziar,28143,95800,15334,40000,0,0,0,49846,0,11326,0,0,0,0,0,0,37613,2000,0,0,37613,0,136355,0,443170,0.85,1
V220126,2227079,2227079,Collaborative Research: Measuring G with a Magneto-Gravitational Trap,Zachariah B Etienne' 'Pamela V. Conyers Pedro Marronetti,0,46815,0,0,0,0,0,19102,0,9273,0,0,0,0,0,0,0,0,0,0,,,37549,0,112739,0.85,2
V201060,2100926,2100926,Collaborative Research: Changes in hyporheic exchange and nitrous oxide generation due to streambed alteration by macro-roughness elements,William J Reeder,184360,0,11344,0,21438,0,0,80348,15000,10598,5000,0,0,0,0,0,41650,1000,0,0,0,0,186976,0,539714,0.85,3
V211215,2214502,2214502,Planning: Idaho EPSCoR RII Track-1 Planning Grant,Andrew D Kliskey,22222,0,4902,7059,0,0,0,9534,0,5000,0,0,0,0,0,0,500,0,18100,0,0,0,32649,0,99966,0.85,4
V220383,2229223,2229223,Collaborative Research: Climatic Control of Erosion Rates and Landscape Morphology - Quantifying the Influence of Fluvial Thresholds,Elowyn Yager,23509,0,0,54540,4800,0,0,9457,0,24790,0,0,0,0,0,0,1800,1500,0,0,0,26734,61162,0,208292,0.85,5